#nranks,run,minranksperisland, MIN_para_read_fopen,MAX_para_read_fopen,AVG_para_read_fopen, MIN_seri_read_fopen,MAX_seri_read_fopen,AVG_seri_read_fopen, MIN_para_write_fopen,MAX_para_write_fopen,AVG_para_write_fopen, MIN_seri_write_fopen,MAX_seri_write_fopen,AVG_seri_write_fopen, MIN_para_read_headers,MAX_para_read_headers,AVG_para_read_headers, MIN_seri_read_headers,MAX_seri_read_headers,AVG_seri_read_headers, MIN_distribute_header,MAX_distribute_header,AVG_distribute_header, MIN_para_read_parts,MAX_para_read_parts,AVG_para_read_parts, MIN_seri_read_parts,MAX_seri_read_parts,AVG_seri_read_parts, MIN_distribute_parts,MAX_distribute_parts,AVG_distribute_parts, MIN_para_write_headers,MAX_para_write_headers,AVG_para_write_headers, MIN_seri_write_headers,MAX_seri_write_headers,AVG_seri_write_headers, MIN_gather_header,MAX_gather_header,AVG_gather_header, MIN_para_write_parts,MAX_para_write_parts,AVG_para_write_parts, MIN_seri_write_parts,MAX_seri_write_parts,AVG_seri_write_parts, MIN_gather_parts,MAX_gather_parts,AVG_gather_parts
8,1,  1,0.050,0.077,0.061,0.000,0.000,0.000,0.015,0.015,0.015,0.000,0.000,0.000,0.003,0.003,0.003,0.000,0.000,0.000,0.000,0.000,0.000,15.873,19.592,17.788,0.000,0.000,0.000,0.000,0.000,0.000,0.004,0.004,0.004,0.000,0.000,0.000,0.000,0.000,0.000,8.671,9.610,9.264,0.000,0.000,0.000,0.000,0.000,0.000
8,2,  1,0.002,0.041,0.018,0.000,0.000,0.000,0.746,1.237,0.907,0.000,0.000,0.000,0.001,0.001,0.001,0.000,0.000,0.000,0.000,0.000,0.000,6.760,16.363,13.629,0.000,0.000,0.000,0.000,0.000,0.000,0.002,0.002,0.002,0.000,0.000,0.000,0.000,0.000,0.000,4.860,5.258,5.024,0.000,0.000,0.000,0.000,0.000,0.000
8,3,  1,0.010,0.030,0.017,0.000,0.000,0.000,0.386,0.397,0.394,0.000,0.000,0.000,0.001,0.001,0.001,0.000,0.000,0.000,0.000,0.000,0.000,11.535,12.412,11.831,0.000,0.000,0.000,0.000,0.000,0.000,0.002,0.002,0.002,0.000,0.000,0.000,0.000,0.000,0.000,4.737,5.168,4.950,0.000,0.000,0.000,0.000,0.000,0.000
8,4,  1,0.010,0.024,0.016,0.000,0.000,0.000,0.382,0.774,0.550,0.000,0.000,0.000,0.001,0.001,0.001,0.000,0.000,0.000,0.000,0.000,0.000,11.128,14.133,12.823,0.000,0.000,0.000,0.000,0.000,0.000,0.002,0.002,0.002,0.000,0.000,0.000,0.000,0.000,0.000,4.805,5.147,4.949,0.000,0.000,0.000,0.000,0.000,0.000
8,5,  1,0.015,0.025,0.020,0.000,0.000,0.000,0.344,0.780,0.461,0.000,0.000,0.000,0.001,0.001,0.001,0.000,0.000,0.000,0.000,0.000,0.000,9.568,11.183,10.587,0.000,0.000,0.000,0.000,0.000,0.000,0.002,0.002,0.002,0.000,0.000,0.000,0.000,0.000,0.000,4.288,4.654,4.481,0.000,0.000,0.000,0.000,0.000,0.000
8,6,  1,0.009,0.021,0.015,0.000,0.000,0.000,0.982,1.003,0.994,0.000,0.000,0.000,0.001,0.001,0.001,0.000,0.000,0.000,0.000,0.000,0.000,10.365,11.750,11.349,0.000,0.000,0.000,0.000,0.000,0.000,0.002,0.002,0.002,0.000,0.000,0.000,0.000,0.000,0.000,4.379,4.869,4.538,0.000,0.000,0.000,0.000,0.000,0.000
8,7,  1,0.009,0.021,0.016,0.000,0.000,0.000,0.386,0.399,0.395,0.000,0.000,0.000,0.001,0.001,0.001,0.000,0.000,0.000,0.000,0.000,0.000,11.064,13.179,12.019,0.000,0.000,0.000,0.000,0.000,0.000,0.002,0.002,0.002,0.000,0.000,0.000,0.000,0.000,0.000,8.639,8.742,8.687,0.000,0.000,0.000,0.000,0.000,0.000
8,8,  1,0.012,0.032,0.019,0.000,0.000,0.000,0.119,0.297,0.206,0.000,0.000,0.000,0.001,0.001,0.001,0.000,0.000,0.000,0.000,0.000,0.000,13.403,14.761,14.193,0.000,0.000,0.000,0.000,0.000,0.000,0.002,0.002,0.002,0.000,0.000,0.000,0.000,0.000,0.000,4.944,5.491,5.161,0.000,0.000,0.000,0.000,0.000,0.000
8,9,  1,0.011,0.024,0.019,0.000,0.000,0.000,1.435,1.465,1.453,0.000,0.000,0.000,0.001,0.001,0.001,0.000,0.000,0.000,0.000,0.000,0.000,12.496,15.105,13.965,0.000,0.000,0.000,0.000,0.000,0.000,0.002,0.002,0.002,0.000,0.000,0.000,0.000,0.000,0.000,11.132,11.967,11.493,0.000,0.000,0.000,0.000,0.000,0.000
8,10,  1,0.013,0.022,0.016,0.000,0.000,0.000,0.114,0.506,0.307,0.000,0.000,0.000,0.001,0.001,0.001,0.000,0.000,0.000,0.000,0.000,0.000,10.643,13.770,12.180,0.000,0.000,0.000,0.000,0.000,0.000,0.002,0.002,0.002,0.000,0.000,0.000,0.000,0.000,0.000,5.268,5.839,5.461,0.000,0.000,0.000,0.000,0.000,0.000
16,1,  2,0.010,0.022,0.016,0.000,0.000,0.000,0.353,0.947,0.692,0.000,0.000,0.000,0.001,0.001,0.001,0.000,0.000,0.000,0.000,0.000,0.000,8.903,11.347,10.180,0.000,0.000,0.000,0.000,0.000,0.000,0.002,0.002,0.002,0.000,0.000,0.000,0.000,0.000,0.000,3.664,4.087,3.900,0.000,0.000,0.000,0.000,0.000,0.000
16,2,  2,0.012,0.026,0.020,0.000,0.000,0.000,0.176,0.387,0.282,0.000,0.000,0.000,0.001,0.001,0.001,0.000,0.000,0.000,0.000,0.000,0.000,8.629,11.796,10.368,0.000,0.000,0.000,0.000,0.000,0.000,0.002,0.002,0.002,0.000,0.000,0.000,0.000,0.000,0.000,3.699,4.100,3.914,0.000,0.000,0.000,0.000,0.000,0.000
16,3,  2,0.014,0.026,0.019,0.000,0.000,0.000,0.355,0.775,0.537,0.000,0.000,0.000,0.001,0.001,0.001,0.000,0.000,0.000,0.000,0.000,0.000,8.396,11.396,10.081,0.000,0.000,0.000,0.000,0.000,0.000,0.002,0.002,0.002,0.000,0.000,0.000,0.000,0.000,0.000,3.827,4.043,3.927,0.000,0.000,0.000,0.000,0.000,0.000
16,4,  2,0.014,0.028,0.019,0.000,0.000,0.000,0.783,0.805,0.795,0.000,0.000,0.000,0.001,0.001,0.001,0.000,0.000,0.000,0.000,0.000,0.000,10.984,13.458,12.111,0.000,0.000,0.000,0.000,0.000,0.000,0.002,0.002,0.002,0.000,0.000,0.000,0.000,0.000,0.000,7.667,9.272,8.435,0.000,0.000,0.000,0.000,0.000,0.000
16,5,  2,0.010,0.079,0.025,0.000,0.000,0.000,0.784,1.002,0.970,0.000,0.000,0.000,0.001,0.001,0.001,0.000,0.000,0.000,0.000,0.000,0.000,10.625,14.649,13.035,0.000,0.000,0.000,0.000,0.000,0.000,0.002,0.002,0.002,0.000,0.000,0.000,0.000,0.000,0.000,7.891,8.832,8.326,0.000,0.000,0.000,0.000,0.000,0.000
16,6,  2,0.011,0.028,0.018,0.000,0.000,0.000,0.332,0.931,0.575,0.000,0.000,0.000,0.001,0.001,0.001,0.000,0.000,0.000,0.000,0.000,0.000,8.724,10.957,10.019,0.000,0.000,0.000,0.000,0.000,0.000,0.002,0.002,0.002,0.000,0.000,0.000,0.000,0.000,0.000,3.564,4.042,3.903,0.000,0.000,0.000,0.000,0.000,0.000
16,7,  2,0.010,0.024,0.015,0.000,0.000,0.000,0.099,0.476,0.258,0.000,0.000,0.000,0.001,0.001,0.001,0.000,0.000,0.000,0.000,0.000,0.000,9.259,11.506,10.319,0.000,0.000,0.000,0.000,0.000,0.000,0.002,0.002,0.002,0.000,0.000,0.000,0.000,0.000,0.000,6.870,8.315,7.542,0.000,0.000,0.000,0.000,0.000,0.000
16,8,  2,0.016,0.026,0.021,0.000,0.000,0.000,0.380,1.024,0.670,0.000,0.000,0.000,0.001,0.001,0.001,0.000,0.000,0.000,0.000,0.000,0.000,9.811,13.468,11.471,0.000,0.000,0.000,0.000,0.000,0.000,0.002,0.002,0.002,0.000,0.000,0.000,0.000,0.000,0.000,3.509,4.183,3.770,0.000,0.000,0.000,0.000,0.000,0.000
16,9,  2,0.014,0.021,0.016,0.000,0.000,0.000,0.179,0.184,0.183,0.000,0.000,0.000,0.001,0.001,0.001,0.000,0.000,0.000,0.000,0.000,0.000,9.962,11.405,10.752,0.000,0.000,0.000,0.000,0.000,0.000,0.002,0.002,0.002,0.000,0.000,0.000,0.000,0.000,0.000,3.643,4.251,4.030,0.000,0.000,0.000,0.000,0.000,0.000
16,10,  2,0.011,0.023,0.019,0.000,0.000,0.000,0.373,0.546,0.457,0.000,0.000,0.000,0.001,0.001,0.001,0.000,0.000,0.000,0.000,0.000,0.000,8.329,12.013,10.603,0.000,0.000,0.000,0.000,0.000,0.000,0.002,0.002,0.002,0.000,0.000,0.000,0.000,0.000,0.000,4.009,4.212,4.132,0.000,0.000,0.000,0.000,0.000,0.000
24,1,  3,0.012,0.070,0.028,0.000,0.000,0.000,0.105,0.277,0.170,0.000,0.000,0.000,0.001,0.001,0.001,0.000,0.000,0.000,0.000,0.000,0.000,6.433,10.558,8.592,0.000,0.000,0.000,0.000,0.000,0.000,0.002,0.002,0.002,0.000,0.000,0.000,0.000,0.000,0.000,3.125,4.161,3.557,0.000,0.000,0.000,0.000,0.000,0.000
24,2,  3,0.010,0.234,0.054,0.000,0.000,0.000,0.334,0.770,0.506,0.000,0.000,0.000,0.001,0.001,0.001,0.000,0.000,0.000,0.000,0.000,0.000,8.415,11.970,9.408,0.000,0.000,0.000,0.000,0.000,0.000,0.002,0.002,0.002,0.000,0.000,0.000,0.000,0.000,0.000,4.020,4.303,4.182,0.000,0.000,0.000,0.000,0.000,0.000
24,3,  3,0.010,0.046,0.021,0.000,0.000,0.000,0.780,0.995,0.889,0.000,0.000,0.000,0.001,0.001,0.001,0.000,0.000,0.000,0.000,0.000,0.000,5.861,10.288,8.444,0.000,0.000,0.000,0.000,0.000,0.000,0.002,0.002,0.002,0.000,0.000,0.000,0.000,0.000,0.000,12.105,14.787,13.581,0.000,0.000,0.000,0.000,0.000,0.000
24,4,  3,0.012,0.024,0.018,0.000,0.000,0.000,0.383,0.401,0.392,0.000,0.000,0.000,0.001,0.001,0.001,0.000,0.000,0.000,0.000,0.000,0.000,7.270,10.139,8.756,0.000,0.000,0.000,0.000,0.000,0.000,0.002,0.002,0.002,0.000,0.000,0.000,0.000,0.000,0.000,3.554,4.076,3.894,0.000,0.000,0.000,0.000,0.000,0.000
24,5,  3,0.014,0.022,0.018,0.000,0.000,0.000,0.152,0.165,0.160,0.000,0.000,0.000,0.001,0.001,0.001,0.000,0.000,0.000,0.000,0.000,0.000,6.661,9.302,8.273,0.000,0.000,0.000,0.000,0.000,0.000,0.002,0.002,0.002,0.000,0.000,0.000,0.000,0.000,0.000,4.011,4.278,4.158,0.000,0.000,0.000,0.000,0.000,0.000
24,6,  3,0.024,0.039,0.031,0.000,0.000,0.000,0.998,1.217,1.186,0.000,0.000,0.000,0.001,0.001,0.001,0.000,0.000,0.000,0.000,0.000,0.000,7.356,10.660,9.436,0.000,0.000,0.000,0.000,0.000,0.000,0.002,0.003,0.002,0.000,0.000,0.000,0.000,0.000,0.000,5.600,7.201,6.186,0.000,0.000,0.000,0.000,0.000,0.000
24,7,  3,0.011,0.027,0.016,0.000,0.000,0.000,0.163,0.172,0.168,0.000,0.000,0.000,0.001,0.001,0.001,0.000,0.000,0.000,0.000,0.000,0.000,7.230,10.211,8.403,0.000,0.000,0.000,0.000,0.000,0.000,0.002,0.002,0.002,0.000,0.000,0.000,0.000,0.000,0.000,4.831,5.358,5.156,0.000,0.000,0.000,0.000,0.000,0.000
24,8,  3,0.013,0.043,0.024,0.000,0.000,0.000,0.414,0.625,0.545,0.000,0.000,0.000,0.001,0.001,0.001,0.000,0.000,0.000,0.000,0.000,0.000,6.636,10.014,8.485,0.000,0.000,0.000,0.000,0.000,0.000,0.002,0.002,0.002,0.000,0.000,0.000,0.000,0.000,0.000,4.295,5.023,4.748,0.000,0.000,0.000,0.000,0.000,0.000
24,9,  3,0.011,0.024,0.018,0.000,0.000,0.000,0.596,0.604,0.601,0.000,0.000,0.000,0.001,0.001,0.001,0.000,0.000,0.000,0.000,0.000,0.000,6.128,10.829,8.895,0.000,0.000,0.000,0.000,0.000,0.000,0.002,0.002,0.002,0.000,0.000,0.000,0.000,0.000,0.000,3.942,4.459,4.187,0.000,0.000,0.000,0.000,0.000,0.000
24,10,  3,0.012,0.024,0.017,0.000,0.000,0.000,0.156,0.175,0.170,0.000,0.000,0.000,0.001,0.001,0.001,0.000,0.000,0.000,0.000,0.000,0.000,8.589,9.859,9.208,0.000,0.000,0.000,0.000,0.000,0.000,0.002,0.002,0.002,0.000,0.000,0.000,0.000,0.000,0.000,11.023,11.606,11.297,0.000,0.000,0.000,0.000,0.000,0.000
32,1,  4,0.012,0.020,0.016,0.000,0.000,0.000,0.192,0.204,0.200,0.000,0.000,0.000,0.001,0.002,0.001,0.000,0.000,0.000,0.000,0.000,0.000,10.486,12.533,11.704,0.000,0.000,0.000,0.000,0.000,0.000,0.002,0.002,0.002,0.000,0.000,0.000,0.000,0.000,0.000,3.644,4.091,3.887,0.000,0.000,0.000,0.000,0.000,0.000
32,2,  4,0.012,0.021,0.016,0.000,0.000,0.000,0.134,0.138,0.137,0.000,0.000,0.000,0.001,0.001,0.001,0.000,0.000,0.000,0.000,0.000,0.000,6.719,8.961,7.924,0.000,0.000,0.000,0.000,0.000,0.000,0.002,0.002,0.002,0.000,0.000,0.000,0.000,0.000,0.000,4.265,4.485,4.358,0.000,0.000,0.000,0.000,0.000,0.000
32,3,  4,0.011,0.037,0.024,0.000,0.000,0.000,0.192,0.197,0.194,0.000,0.000,0.000,0.001,0.001,0.001,0.000,0.000,0.000,0.000,0.000,0.000,6.945,10.128,8.142,0.000,0.000,0.000,0.000,0.000,0.000,0.002,0.002,0.002,0.000,0.000,0.000,0.000,0.000,0.000,4.695,5.234,5.039,0.000,0.000,0.000,0.000,0.000,0.000
32,4,  4,0.010,0.024,0.016,0.000,0.000,0.000,0.849,0.860,0.856,0.000,0.000,0.000,0.001,0.002,0.001,0.000,0.000,0.000,0.000,0.000,0.000,6.666,9.537,8.254,0.000,0.000,0.000,0.000,0.000,0.000,0.002,0.002,0.002,0.000,0.000,0.000,0.000,0.000,0.000,4.012,4.246,4.130,0.000,0.000,0.000,0.000,0.000,0.000
32,5,  4,0.010,0.058,0.028,0.000,0.000,0.000,0.298,1.560,0.770,0.000,0.000,0.000,0.001,0.001,0.001,0.000,0.000,0.000,0.000,0.000,0.000,7.110,8.733,8.190,0.000,0.000,0.000,0.000,0.000,0.000,0.002,0.004,0.002,0.000,0.000,0.000,0.000,0.000,0.000,12.434,13.503,13.077,0.000,0.000,0.000,0.000,0.000,0.000
32,6,  4,0.010,0.021,0.015,0.000,0.000,0.000,0.129,0.139,0.135,0.000,0.000,0.000,0.001,0.002,0.001,0.000,0.000,0.000,0.000,0.000,0.000,7.421,9.055,7.976,0.000,0.000,0.000,0.000,0.000,0.000,0.002,0.003,0.002,0.000,0.000,0.000,0.000,0.000,0.000,3.650,4.347,4.159,0.000,0.000,0.000,0.000,0.000,0.000
32,7,  4,0.013,0.022,0.017,0.000,0.000,0.000,0.082,0.889,0.430,0.000,0.000,0.000,0.001,0.001,0.001,0.000,0.000,0.000,0.000,0.000,0.000,8.065,11.034,9.288,0.000,0.000,0.000,0.000,0.000,0.000,0.002,0.002,0.002,0.000,0.000,0.000,0.000,0.000,0.000,5.842,6.932,6.466,0.000,0.000,0.000,0.000,0.000,0.000
32,8,  4,0.010,0.501,0.089,0.000,0.000,0.000,0.593,0.859,0.705,0.000,0.000,0.000,0.001,0.001,0.001,0.000,0.000,0.000,0.000,0.000,0.000,7.209,10.690,9.088,0.000,0.000,0.000,0.000,0.000,0.000,0.002,0.002,0.002,0.000,0.000,0.000,0.000,0.000,0.000,6.926,7.722,7.454,0.000,0.000,0.000,0.000,0.000,0.000
32,9,  4,0.019,0.041,0.029,0.000,0.000,0.000,0.080,0.893,0.434,0.000,0.000,0.000,0.001,0.001,0.001,0.000,0.000,0.000,0.000,0.000,0.000,8.493,10.039,9.137,0.000,0.000,0.000,0.000,0.000,0.000,0.002,0.003,0.002,0.000,0.000,0.000,0.000,0.000,0.000,3.596,4.104,3.953,0.000,0.000,0.000,0.000,0.000,0.000
32,10,  4,0.012,0.348,0.075,0.000,0.000,0.000,0.175,0.386,0.257,0.000,0.000,0.000,0.001,0.001,0.001,0.000,0.000,0.000,0.000,0.000,0.000,7.299,9.488,8.590,0.000,0.000,0.000,0.000,0.000,0.000,0.002,0.002,0.002,0.000,0.000,0.000,0.000,0.000,0.000,4.761,5.138,4.943,0.000,0.000,0.000,0.000,0.000,0.000
40,1,  5,0.009,0.027,0.019,0.000,0.000,0.000,0.988,1.205,1.149,0.000,0.000,0.000,0.001,0.001,0.001,0.000,0.000,0.000,0.000,0.000,0.000,7.438,9.234,8.524,0.000,0.000,0.000,0.000,0.000,0.000,0.002,0.002,0.002,0.000,0.000,0.000,0.000,0.000,0.000,6.905,7.227,7.072,0.000,0.000,0.000,0.000,0.000,0.000
40,2,  5,0.011,0.251,0.043,0.000,0.000,0.000,0.380,0.398,0.393,0.000,0.000,0.000,0.001,0.001,0.001,0.000,0.000,0.000,0.000,0.000,0.000,10.813,12.406,11.637,0.000,0.000,0.000,0.000,0.000,0.000,0.002,0.002,0.002,0.000,0.000,0.000,0.000,0.000,0.000,3.734,4.265,4.011,0.000,0.000,0.000,0.000,0.000,0.000
40,3,  5,0.015,0.022,0.018,0.000,0.000,0.000,0.182,0.195,0.191,0.000,0.000,0.000,0.001,0.001,0.001,0.000,0.000,0.000,0.000,0.000,0.000,6.210,8.207,7.450,0.000,0.000,0.000,0.000,0.000,0.000,0.002,0.002,0.002,0.000,0.000,0.000,0.000,0.000,0.000,3.539,4.112,3.854,0.000,0.000,0.000,0.000,0.000,0.000
40,4,  5,0.012,0.019,0.016,0.000,0.000,0.000,0.169,0.181,0.176,0.000,0.000,0.000,0.001,0.001,0.001,0.000,0.000,0.000,0.000,0.000,0.000,6.475,7.903,7.218,0.000,0.000,0.000,0.000,0.000,0.000,0.002,0.002,0.002,0.000,0.000,0.000,0.000,0.000,0.000,3.637,4.156,3.923,0.000,0.000,0.000,0.000,0.000,0.000
40,5,  5,0.020,0.078,0.044,0.000,0.000,0.000,0.174,0.184,0.180,0.000,0.000,0.000,0.001,0.001,0.001,0.000,0.000,0.000,0.000,0.000,0.000,8.615,9.411,9.041,0.000,0.000,0.000,0.000,0.000,0.000,0.002,0.002,0.002,0.000,0.000,0.000,0.000,0.000,0.000,10.045,10.423,10.239,0.000,0.000,0.000,0.000,0.000,0.000
40,6,  5,0.010,0.050,0.027,0.000,0.000,0.000,0.166,0.180,0.174,0.000,0.000,0.000,0.001,0.001,0.001,0.000,0.000,0.000,0.000,0.000,0.000,7.946,9.858,8.972,0.000,0.000,0.000,0.000,0.000,0.000,0.002,0.002,0.002,0.000,0.000,0.000,0.000,0.000,0.000,3.189,4.112,3.870,0.000,0.000,0.000,0.000,0.000,0.000
40,7,  5,0.011,0.059,0.026,0.000,0.000,0.000,0.164,0.178,0.174,0.000,0.000,0.000,0.001,0.001,0.001,0.000,0.000,0.000,0.000,0.000,0.000,6.772,9.544,8.043,0.000,0.000,0.000,0.000,0.000,0.000,0.002,0.002,0.002,0.000,0.000,0.000,0.000,0.000,0.000,4.623,5.406,5.172,0.000,0.000,0.000,0.000,0.000,0.000
40,8,  5,0.011,0.024,0.019,0.000,0.000,0.000,0.352,0.968,0.660,0.000,0.000,0.000,0.001,0.002,0.001,0.000,0.000,0.000,0.000,0.000,0.000,7.226,8.969,8.259,0.000,0.000,0.000,0.000,0.000,0.000,0.002,0.002,0.002,0.000,0.000,0.000,0.000,0.000,0.000,4.368,5.023,4.792,0.000,0.000,0.000,0.000,0.000,0.000
40,9,  5,0.015,0.025,0.021,0.000,0.000,0.000,0.104,0.358,0.306,0.000,0.000,0.000,0.001,0.002,0.001,0.000,0.000,0.000,0.000,0.000,0.000,7.285,9.330,8.339,0.000,0.000,0.000,0.000,0.000,0.000,0.002,0.002,0.002,0.000,0.000,0.000,0.000,0.000,0.000,7.131,8.365,7.758,0.000,0.000,0.000,0.000,0.000,0.000
40,10,  5,0.012,0.068,0.028,0.000,0.000,0.000,0.362,0.376,0.371,0.000,0.000,0.000,0.001,0.002,0.001,0.000,0.000,0.000,0.000,0.000,0.000,7.054,8.878,8.349,0.000,0.000,0.000,0.000,0.000,0.000,0.002,0.002,0.002,0.000,0.000,0.000,0.000,0.000,0.000,3.632,4.167,3.997,0.000,0.000,0.000,0.000,0.000,0.000
48,1,  6,0.011,0.021,0.016,0.000,0.000,0.000,0.142,0.340,0.241,0.000,0.000,0.000,0.001,0.002,0.001,0.000,0.000,0.000,0.000,0.000,0.000,6.518,7.436,7.131,0.000,0.000,0.000,0.000,0.000,0.000,0.002,0.002,0.002,0.000,0.000,0.000,0.000,0.000,0.000,3.821,4.199,4.045,0.000,0.000,0.000,0.000,0.000,0.000
48,2,  6,0.015,0.304,0.057,0.000,0.000,0.000,0.362,0.768,0.560,0.000,0.000,0.000,0.001,0.002,0.002,0.000,0.000,0.000,0.000,0.000,0.000,7.579,10.656,9.093,0.000,0.000,0.000,0.000,0.000,0.000,0.002,0.002,0.002,0.000,0.000,0.000,0.000,0.000,0.000,4.751,5.897,5.512,0.000,0.000,0.000,0.000,0.000,0.000
48,3,  6,0.009,0.119,0.047,0.000,0.000,0.000,0.393,0.413,0.406,0.000,0.000,0.000,0.001,0.002,0.001,0.000,0.000,0.000,0.000,0.000,0.000,7.413,8.529,8.044,0.000,0.000,0.000,0.000,0.000,0.000,0.002,0.002,0.002,0.000,0.000,0.000,0.000,0.000,0.000,4.934,5.742,5.516,0.000,0.000,0.000,0.000,0.000,0.000
48,4,  6,0.012,0.227,0.047,0.000,0.000,0.000,0.134,0.537,0.287,0.000,0.000,0.000,0.001,0.002,0.002,0.000,0.000,0.000,0.000,0.000,0.000,6.925,8.849,7.993,0.000,0.000,0.000,0.000,0.000,0.000,0.002,0.002,0.002,0.000,0.000,0.000,0.000,0.000,0.000,5.546,6.233,5.910,0.000,0.000,0.000,0.000,0.000,0.000
48,5,  6,0.012,0.872,0.176,0.000,0.000,0.000,1.208,2.274,1.536,0.000,0.000,0.000,0.001,0.002,0.002,0.000,0.000,0.000,0.000,0.000,0.000,9.455,15.691,12.874,0.000,0.000,0.000,0.000,0.000,0.000,0.002,0.002,0.002,0.000,0.000,0.000,0.000,0.000,0.000,21.384,26.359,24.305,0.000,0.000,0.000,0.000,0.000,0.000
48,6,  6,0.014,0.027,0.017,0.000,0.000,0.000,0.349,1.375,0.738,0.000,0.000,0.000,0.001,0.002,0.002,0.000,0.000,0.000,0.000,0.000,0.000,10.472,11.715,11.323,0.000,0.000,0.000,0.000,0.000,0.000,0.002,0.002,0.002,0.000,0.000,0.000,0.000,0.000,0.000,21.401,35.384,30.366,0.000,0.000,0.000,0.000,0.000,0.000
48,7,  6,0.012,0.587,0.250,0.000,0.000,0.000,0.645,1.270,0.852,0.000,0.000,0.000,0.001,0.002,0.002,0.000,0.000,0.000,0.000,0.000,0.000,30.259,33.118,32.066,0.000,0.000,0.000,0.000,0.000,0.000,0.002,0.002,0.002,0.000,0.000,0.000,0.000,0.000,0.000,5.868,7.092,6.667,0.000,0.000,0.000,0.000,0.000,0.000
48,8,  6,0.013,1.154,0.235,0.000,0.000,0.000,0.093,0.675,0.284,0.000,0.000,0.000,0.001,0.002,0.002,0.000,0.000,0.000,0.000,0.000,0.000,22.474,26.430,24.782,0.000,0.000,0.000,0.000,0.000,0.000,0.002,0.002,0.002,0.000,0.000,0.000,0.000,0.000,0.000,14.369,17.334,15.947,0.000,0.000,0.000,0.000,0.000,0.000
48,9,  6,0.013,0.029,0.020,0.000,0.000,0.000,0.793,0.987,0.868,0.000,0.000,0.000,0.001,0.002,0.002,0.000,0.000,0.000,0.000,0.000,0.000,25.972,42.929,36.989,0.000,0.000,0.000,0.000,0.000,0.000,0.002,0.004,0.002,0.000,0.000,0.000,0.000,0.000,0.000,3.800,4.539,4.190,0.000,0.000,0.000,0.000,0.000,0.000
48,10,  6,0.012,1.283,0.268,0.000,0.000,0.000,0.318,0.484,0.382,0.000,0.000,0.000,0.001,0.002,0.002,0.000,0.000,0.000,0.000,0.000,0.000,8.726,19.743,13.346,0.000,0.000,0.000,0.000,0.000,0.000,0.002,0.002,0.002,0.000,0.000,0.000,0.000,0.000,0.000,3.457,4.248,4.052,0.000,0.000,0.000,0.000,0.000,0.000
56,1,  7,0.012,0.426,0.152,0.000,0.000,0.000,0.375,0.381,0.377,0.000,0.000,0.000,0.001,0.002,0.002,0.000,0.000,0.000,0.000,0.000,0.000,9.090,14.345,10.932,0.000,0.000,0.000,0.000,0.000,0.000,0.002,0.002,0.002,0.000,0.000,0.000,0.000,0.000,0.000,4.303,4.567,4.448,0.000,0.000,0.000,0.000,0.000,0.000
56,2,  7,0.013,0.317,0.071,0.000,0.000,0.000,0.384,0.398,0.392,0.000,0.000,0.000,0.001,0.002,0.002,0.000,0.000,0.000,0.000,0.000,0.000,7.338,12.353,9.728,0.000,0.000,0.000,0.000,0.000,0.000,0.002,0.002,0.002,0.000,0.000,0.000,0.000,0.000,0.000,3.412,4.145,3.791,0.000,0.000,0.000,0.000,0.000,0.000
56,3,  7,0.014,0.131,0.039,0.000,0.000,0.000,0.172,0.188,0.185,0.000,0.000,0.000,0.001,0.002,0.002,0.000,0.000,0.000,0.000,0.000,0.000,6.895,11.568,8.475,0.000,0.000,0.000,0.000,0.000,0.000,0.002,0.002,0.002,0.000,0.000,0.000,0.000,0.000,0.000,3.482,4.194,3.853,0.000,0.000,0.000,0.000,0.000,0.000
56,4,  7,0.014,0.026,0.020,0.000,0.000,0.000,0.183,0.191,0.187,0.000,0.000,0.000,0.001,0.002,0.002,0.000,0.000,0.000,0.000,0.000,0.000,6.855,7.906,7.537,0.000,0.000,0.000,0.000,0.000,0.000,0.002,0.002,0.002,0.000,0.000,0.000,0.000,0.000,0.000,3.237,7.248,6.031,0.000,0.000,0.000,0.000,0.000,0.000
56,5,  7,0.018,0.074,0.034,0.000,0.000,0.000,4.371,5.442,5.192,0.000,0.000,0.000,0.002,0.002,0.002,0.000,0.000,0.000,0.000,0.000,0.000,13.154,17.859,14.888,0.000,0.000,0.000,0.000,0.000,0.000,0.002,0.002,0.002,0.000,0.000,0.000,0.000,0.000,0.000,9.573,13.543,12.500,0.000,0.000,0.000,0.000,0.000,0.000
56,6,  7,0.013,0.126,0.034,0.000,0.000,0.000,0.354,0.779,0.540,0.000,0.000,0.000,0.001,0.002,0.002,0.000,0.000,0.000,0.000,0.000,0.000,22.006,32.384,29.035,0.000,0.000,0.000,0.000,0.000,0.000,0.002,0.002,0.002,0.000,0.000,0.000,0.000,0.000,0.000,22.972,25.106,24.256,0.000,0.000,0.000,0.000,0.000,0.000
56,7,  7,0.012,0.830,0.170,0.000,0.000,0.000,0.159,0.370,0.239,0.000,0.000,0.000,0.001,0.002,0.002,0.000,0.000,0.000,0.000,0.000,0.000,22.837,24.093,23.501,0.000,0.000,0.000,0.000,0.000,0.000,0.002,0.002,0.002,0.000,0.000,0.000,0.000,0.000,0.000,9.202,12.833,11.383,0.000,0.000,0.000,0.000,0.000,0.000
56,8,  7,0.016,0.925,0.137,0.000,0.000,0.000,3.018,3.604,3.206,0.000,0.000,0.000,0.002,0.002,0.002,0.000,0.000,0.000,0.000,0.000,0.000,30.084,32.968,32.037,0.000,0.000,0.000,0.000,0.000,0.000,0.002,0.002,0.002,0.000,0.000,0.000,0.000,0.000,0.000,3.323,4.199,3.799,0.000,0.000,0.000,0.000,0.000,0.000
56,9,  7,0.014,0.053,0.025,0.000,0.000,0.000,0.132,0.337,0.234,0.000,0.000,0.000,0.002,0.002,0.002,0.000,0.000,0.000,0.000,0.000,0.000,12.365,23.282,19.188,0.000,0.000,0.000,0.000,0.000,0.000,0.002,0.002,0.002,0.000,0.000,0.000,0.000,0.000,0.000,7.404,8.200,7.895,0.000,0.000,0.000,0.000,0.000,0.000
56,10,  7,0.012,0.140,0.030,0.000,0.000,0.000,0.604,0.613,0.609,0.000,0.000,0.000,0.001,0.002,0.002,0.000,0.000,0.000,0.000,0.000,0.000,15.900,25.402,21.320,0.000,0.000,0.000,0.000,0.000,0.000,0.002,0.002,0.002,0.000,0.000,0.000,0.000,0.000,0.000,3.696,4.131,3.960,0.000,0.000,0.000,0.000,0.000,0.000
64,1,  8,0.011,0.259,0.068,0.000,0.000,0.000,0.555,0.574,0.563,0.000,0.000,0.000,0.002,0.002,0.002,0.000,0.000,0.000,0.000,0.000,0.000,7.114,15.079,10.863,0.000,0.000,0.000,0.000,0.000,0.000,0.002,0.002,0.002,0.000,0.000,0.000,0.000,0.000,0.000,3.817,4.264,4.097,0.000,0.000,0.000,0.000,0.000,0.000
64,2,  8,0.011,0.354,0.131,0.000,0.000,0.000,0.198,0.206,0.202,0.000,0.000,0.000,0.002,0.002,0.002,0.000,0.000,0.000,0.000,0.000,0.000,9.088,9.916,9.464,0.000,0.000,0.000,0.000,0.000,0.000,0.002,0.002,0.002,0.000,0.000,0.000,0.000,0.000,0.000,3.226,4.220,3.892,0.000,0.000,0.000,0.000,0.000,0.000
64,3,  8,0.011,0.025,0.017,0.000,0.000,0.000,0.395,0.401,0.399,0.000,0.000,0.000,0.002,0.002,0.002,0.000,0.000,0.000,0.000,0.000,0.000,8.439,9.899,9.387,0.000,0.000,0.000,0.000,0.000,0.000,0.002,0.002,0.002,0.000,0.000,0.000,0.000,0.000,0.000,2.735,4.608,4.102,0.000,0.000,0.000,0.000,0.000,0.000
64,4,  8,0.026,0.252,0.064,0.000,0.000,0.000,1.035,1.052,1.047,0.000,0.000,0.000,0.002,0.002,0.002,0.000,0.000,0.000,0.000,0.000,0.000,15.002,18.419,17.479,0.000,0.000,0.000,0.000,0.000,0.000,0.002,0.002,0.002,0.000,0.000,0.000,0.000,0.000,0.000,16.073,17.724,17.154,0.000,0.000,0.000,0.000,0.000,0.000
64,5,  8,0.016,4.558,0.919,0.000,0.000,0.000,3.470,4.357,3.937,0.000,0.000,0.000,0.002,0.002,0.002,0.000,0.000,0.000,0.000,0.000,0.000,31.131,37.488,34.531,0.000,0.000,0.000,0.000,0.000,0.000,0.002,0.002,0.002,0.000,0.000,0.000,0.000,0.000,0.000,3.321,4.173,3.900,0.000,0.000,0.000,0.000,0.000,0.000
64,6,  8,0.015,0.071,0.027,0.000,0.000,0.000,0.209,0.214,0.212,0.000,0.000,0.000,0.002,0.002,0.002,0.000,0.000,0.000,0.000,0.000,0.000,6.938,8.595,8.147,0.000,0.000,0.000,0.000,0.000,0.000,0.002,0.002,0.002,0.000,0.000,0.000,0.000,0.000,0.000,5.211,5.842,5.623,0.000,0.000,0.000,0.000,0.000,0.000
64,7,  8,0.011,0.031,0.022,0.000,0.000,0.000,0.177,0.184,0.181,0.000,0.000,0.000,0.001,0.002,0.002,0.000,0.000,0.000,0.000,0.000,0.000,9.219,9.998,9.651,0.000,0.000,0.000,0.000,0.000,0.000,0.002,0.002,0.002,0.000,0.000,0.000,0.000,0.000,0.000,3.238,4.167,3.948,0.000,0.000,0.000,0.000,0.000,0.000
64,8,  8,0.013,0.037,0.021,0.000,0.000,0.000,0.800,1.223,0.957,0.000,0.000,0.000,0.002,0.002,0.002,0.000,0.000,0.000,0.000,0.000,0.000,8.079,10.135,9.565,0.000,0.000,0.000,0.000,0.000,0.000,0.002,0.002,0.002,0.000,0.000,0.000,0.000,0.000,0.000,3.569,4.228,3.993,0.000,0.000,0.000,0.000,0.000,0.000
64,9,  8,0.011,0.038,0.022,0.000,0.000,0.000,1.034,1.040,1.037,0.000,0.000,0.000,0.002,0.002,0.002,0.000,0.000,0.000,0.000,0.000,0.000,7.667,8.686,8.129,0.000,0.000,0.000,0.000,0.000,0.000,0.002,0.002,0.002,0.000,0.000,0.000,0.000,0.000,0.000,11.611,15.456,14.184,0.000,0.000,0.000,0.000,0.000,0.000
64,10,  8,0.037,0.113,0.064,0.000,0.000,0.000,0.120,0.717,0.344,0.000,0.000,0.000,0.002,0.002,0.002,0.000,0.000,0.000,0.000,0.000,0.000,35.649,42.850,37.712,0.000,0.000,0.000,0.000,0.000,0.000,0.002,0.002,0.002,0.000,0.000,0.000,0.000,0.000,0.000,3.920,4.671,4.373,0.000,0.000,0.000,0.000,0.000,0.000
72,1,  9,0.013,0.174,0.049,0.000,0.000,0.000,0.171,0.184,0.180,0.000,0.000,0.000,0.002,0.002,0.002,0.000,0.000,0.000,0.000,0.000,0.000,33.810,40.531,38.465,0.000,0.000,0.000,0.000,0.000,0.000,0.002,0.002,0.002,0.000,0.000,0.000,0.000,0.000,0.000,12.003,14.172,13.412,0.000,0.000,0.000,0.000,0.000,0.000
72,2,  9,0.234,1.885,0.656,0.000,0.000,0.000,2.533,2.546,2.540,0.000,0.000,0.000,0.002,0.002,0.002,0.000,0.000,0.000,0.000,0.000,0.000,59.897,69.606,64.239,0.000,0.000,0.000,0.000,0.000,0.000,0.002,0.002,0.002,0.000,0.000,0.000,0.000,0.000,0.000,4.665,5.259,5.088,0.000,0.000,0.000,0.000,0.000,0.000
72,3,  9,0.015,0.026,0.019,0.000,0.000,0.000,0.588,1.007,0.798,0.000,0.000,0.000,0.002,0.002,0.002,0.000,0.000,0.000,0.000,0.000,0.000,8.177,10.579,9.670,0.000,0.000,0.000,0.000,0.000,0.000,0.002,0.002,0.002,0.000,0.000,0.000,0.000,0.000,0.000,33.004,41.398,38.916,0.000,0.000,0.000,0.000,0.000,0.000
72,4,  9,0.016,0.529,0.172,0.000,0.000,0.000,0.201,0.215,0.209,0.000,0.000,0.000,0.002,0.002,0.002,0.000,0.000,0.000,0.000,0.000,0.000,8.238,11.996,9.591,0.000,0.000,0.000,0.000,0.000,0.000,0.002,0.002,0.002,0.000,0.000,0.000,0.000,0.000,0.000,10.135,10.665,10.426,0.000,0.000,0.000,0.000,0.000,0.000
72,5,  9,0.011,0.188,0.077,0.000,0.000,0.000,0.100,0.483,0.244,0.000,0.000,0.000,0.002,0.002,0.002,0.000,0.000,0.000,0.000,0.000,0.000,23.308,26.279,25.019,0.000,0.000,0.000,0.000,0.000,0.000,0.002,0.002,0.002,0.000,0.000,0.000,0.000,0.000,0.000,4.094,4.601,4.417,0.000,0.000,0.000,0.000,0.000,0.000
72,6,  9,0.037,0.079,0.057,0.000,0.000,0.000,1.186,1.206,1.197,0.000,0.000,0.000,0.002,0.002,0.002,0.000,0.000,0.000,0.000,0.000,0.000,21.741,28.814,25.665,0.000,0.000,0.000,0.000,0.000,0.000,0.002,0.002,0.002,0.000,0.000,0.000,0.000,0.000,0.000,27.696,29.389,28.767,0.000,0.000,0.000,0.000,0.000,0.000
72,7,  9,0.013,0.350,0.072,0.000,0.000,0.000,0.190,0.195,0.193,0.000,0.000,0.000,0.002,0.002,0.002,0.000,0.000,0.000,0.000,0.000,0.000,9.364,15.863,12.656,0.000,0.000,0.000,0.000,0.000,0.000,0.002,0.002,0.002,0.000,0.000,0.000,0.000,0.000,0.000,3.709,4.200,4.056,0.000,0.000,0.000,0.000,0.000,0.000
72,8,  9,0.012,0.314,0.054,0.000,0.000,0.000,0.203,0.209,0.207,0.000,0.000,0.000,0.002,0.002,0.002,0.000,0.000,0.000,0.000,0.000,0.000,8.957,12.863,10.803,0.000,0.000,0.000,0.000,0.000,0.000,0.002,0.002,0.002,0.000,0.000,0.000,0.000,0.000,0.000,3.971,4.316,4.138,0.000,0.000,0.000,0.000,0.000,0.000
72,9,  9,0.013,0.021,0.017,0.000,0.000,0.000,0.162,0.172,0.167,0.000,0.000,0.000,0.002,0.002,0.002,0.000,0.000,0.000,0.000,0.000,0.000,6.522,7.839,7.551,0.000,0.000,0.000,0.000,0.000,0.000,0.002,0.002,0.002,0.000,0.000,0.000,0.000,0.000,0.000,3.608,4.178,3.989,0.000,0.000,0.000,0.000,0.000,0.000
72,10,  9,0.013,0.026,0.020,0.000,0.000,0.000,0.178,0.190,0.186,0.000,0.000,0.000,0.002,0.002,0.002,0.000,0.000,0.000,0.000,0.000,0.000,7.878,9.545,8.988,0.000,0.000,0.000,0.000,0.000,0.000,0.002,0.002,0.002,0.000,0.000,0.000,0.000,0.000,0.000,3.842,4.185,4.100,0.000,0.000,0.000,0.000,0.000,0.000
80,1, 10,0.017,0.166,0.041,0.000,0.000,0.000,0.592,0.600,0.596,0.000,0.000,0.000,0.002,0.002,0.002,0.000,0.000,0.000,0.000,0.000,0.000,6.113,6.838,6.555,0.000,0.000,0.000,0.000,0.000,0.000,0.002,0.002,0.002,0.000,0.000,0.000,0.000,0.000,0.000,3.731,4.506,4.105,0.000,0.000,0.000,0.000,0.000,0.000
80,2, 10,0.068,0.199,0.100,0.000,0.000,0.000,1.009,1.864,1.409,0.000,0.000,0.000,0.002,0.002,0.002,0.000,0.000,0.000,0.000,0.000,0.000,25.591,36.210,29.251,0.000,0.000,0.000,0.000,0.000,0.000,0.002,0.003,0.002,0.000,0.000,0.000,0.000,0.000,0.000,4.568,4.919,4.765,0.000,0.000,0.000,0.000,0.000,0.000
80,3, 10,0.012,0.709,0.190,0.000,0.000,0.000,0.552,1.199,0.772,0.000,0.000,0.000,0.002,0.002,0.002,0.000,0.000,0.000,0.000,0.000,0.000,22.574,31.848,28.423,0.000,0.000,0.000,0.000,0.000,0.000,0.002,0.003,0.002,0.000,0.000,0.000,0.000,0.000,0.000,3.417,4.527,4.262,0.000,0.000,0.000,0.000,0.000,0.000
80,4, 10,0.013,0.393,0.071,0.000,0.000,0.000,0.066,0.465,0.237,0.000,0.000,0.000,0.002,0.002,0.002,0.000,0.000,0.000,0.000,0.000,0.000,8.693,17.366,11.395,0.000,0.000,0.000,0.000,0.000,0.000,0.002,0.003,0.002,0.000,0.000,0.000,0.000,0.000,0.000,3.825,4.241,4.050,0.000,0.000,0.000,0.000,0.000,0.000
80,5, 10,0.013,0.701,0.108,0.000,0.000,0.000,0.734,0.780,0.757,0.000,0.000,0.000,0.002,0.002,0.002,0.000,0.000,0.000,0.000,0.000,0.000,6.497,18.288,12.670,0.000,0.000,0.000,0.000,0.000,0.000,0.002,0.003,0.002,0.000,0.000,0.000,0.000,0.000,0.000,3.724,4.251,4.041,0.000,0.000,0.000,0.000,0.000,0.000
80,6, 10,0.016,0.133,0.033,0.000,0.000,0.000,0.138,0.553,0.289,0.000,0.000,0.000,0.002,0.002,0.002,0.000,0.000,0.000,0.000,0.000,0.000,6.991,9.154,7.678,0.000,0.000,0.000,0.000,0.000,0.000,0.002,0.003,0.002,0.000,0.000,0.000,0.000,0.000,0.000,3.453,4.242,4.020,0.000,0.000,0.000,0.000,0.000,0.000
80,7, 10,0.012,0.178,0.052,0.000,0.000,0.000,0.168,0.396,0.365,0.000,0.000,0.000,0.002,0.002,0.002,0.000,0.000,0.000,0.000,0.000,0.000,7.733,8.831,8.453,0.000,0.000,0.000,0.000,0.000,0.000,0.002,0.002,0.002,0.000,0.000,0.000,0.000,0.000,0.000,5.462,6.512,6.049,0.000,0.000,0.000,0.000,0.000,0.000
80,8, 10,0.014,0.605,0.101,0.000,0.000,0.000,0.075,1.304,0.584,0.000,0.000,0.000,0.002,0.002,0.002,0.000,0.000,0.000,0.000,0.000,0.000,13.381,17.883,15.849,0.000,0.000,0.000,0.000,0.000,0.000,0.002,0.002,0.002,0.000,0.000,0.000,0.000,0.000,0.000,12.061,12.885,12.531,0.000,0.000,0.000,0.000,0.000,0.000
80,9, 10,0.016,0.452,0.158,0.000,0.000,0.000,0.781,1.012,0.845,0.000,0.000,0.000,0.002,0.002,0.002,0.000,0.000,0.000,0.000,0.000,0.000,9.191,12.368,10.217,0.000,0.000,0.000,0.000,0.000,0.000,0.002,0.003,0.002,0.000,0.000,0.000,0.000,0.000,0.000,49.635,81.178,71.641,0.000,0.000,0.000,0.000,0.000,0.000
80,10, 10,0.018,0.038,0.027,0.000,0.000,0.000,0.129,0.313,0.199,0.000,0.000,0.000,0.002,0.002,0.002,0.000,0.000,0.000,0.000,0.000,0.000,12.060,14.834,12.949,0.000,0.000,0.000,0.000,0.000,0.000,0.002,0.002,0.002,0.000,0.000,0.000,0.000,0.000,0.000,3.839,4.411,4.216,0.000,0.000,0.000,0.000,0.000,0.000
88,1, 11,0.011,0.848,0.221,0.000,0.000,0.000,0.165,0.188,0.179,0.000,0.000,0.000,0.002,0.002,0.002,0.000,0.000,0.000,0.000,0.000,0.000,24.678,27.179,26.258,0.000,0.000,0.000,0.000,0.000,0.000,0.002,0.003,0.002,0.000,0.000,0.000,0.000,0.000,0.000,29.322,59.419,51.145,0.000,0.000,0.000,0.000,0.000,0.000
88,2, 11,0.019,0.238,0.057,0.000,0.000,0.000,0.532,1.174,0.906,0.000,0.000,0.000,0.002,0.002,0.002,0.000,0.000,0.000,0.000,0.000,0.000,7.799,8.121,7.998,0.000,0.000,0.000,0.000,0.000,0.000,0.002,0.002,0.002,0.000,0.000,0.000,0.000,0.000,0.000,10.267,12.202,11.590,0.000,0.000,0.000,0.000,0.000,0.000
88,3, 11,0.031,0.270,0.078,0.000,0.000,0.000,0.600,0.617,0.607,0.000,0.000,0.000,0.002,0.002,0.002,0.000,0.000,0.000,0.000,0.000,0.000,23.036,26.268,25.347,0.000,0.000,0.000,0.000,0.000,0.000,0.002,0.002,0.002,0.000,0.000,0.000,0.000,0.000,0.000,16.024,36.549,29.863,0.000,0.000,0.000,0.000,0.000,0.000
88,4, 11,0.021,1.403,0.360,0.000,0.000,0.000,0.351,0.377,0.366,0.000,0.000,0.000,0.002,0.002,0.002,0.000,0.000,0.000,0.000,0.000,0.000,39.897,41.287,40.828,0.000,0.000,0.000,0.000,0.000,0.000,0.002,0.002,0.002,0.000,0.000,0.000,0.000,0.000,0.000,32.234,32.599,32.471,0.000,0.000,0.000,0.000,0.000,0.000
88,5, 11,0.013,0.519,0.107,0.000,0.000,0.000,0.187,0.197,0.195,0.000,0.000,0.000,0.002,0.002,0.002,0.000,0.000,0.000,0.000,0.000,0.000,16.619,24.704,19.785,0.000,0.000,0.000,0.000,0.000,0.000,0.002,0.003,0.002,0.000,0.000,0.000,0.000,0.000,0.000,4.708,5.602,5.088,0.000,0.000,0.000,0.000,0.000,0.000
88,6, 11,0.013,0.339,0.109,0.000,0.000,0.000,1.410,1.858,1.687,0.000,0.000,0.000,0.002,0.002,0.002,0.000,0.000,0.000,0.000,0.000,0.000,10.629,11.829,11.182,0.000,0.000,0.000,0.000,0.000,0.000,0.002,0.002,0.002,0.000,0.000,0.000,0.000,0.000,0.000,62.552,80.830,75.494,0.000,0.000,0.000,0.000,0.000,0.000
88,7, 11,0.020,7.330,1.342,0.000,0.000,0.000,0.148,0.171,0.160,0.000,0.000,0.000,0.002,0.002,0.002,0.000,0.000,0.000,0.000,0.000,0.000,9.778,43.228,20.787,0.000,0.000,0.000,0.000,0.000,0.000,0.002,0.003,0.002,0.000,0.000,0.000,0.000,0.000,0.000,3.449,5.006,4.255,0.000,0.000,0.000,0.000,0.000,0.000
88,8, 11,0.014,1.018,0.205,0.000,0.000,0.000,0.140,0.166,0.156,0.000,0.000,0.000,0.002,0.002,0.002,0.000,0.000,0.000,0.000,0.000,0.000,9.497,25.773,14.757,0.000,0.000,0.000,0.000,0.000,0.000,0.002,0.003,0.002,0.000,0.000,0.000,0.000,0.000,0.000,3.590,4.568,4.394,0.000,0.000,0.000,0.000,0.000,0.000
88,9, 11,0.013,0.032,0.018,0.000,0.000,0.000,0.163,0.375,0.246,0.000,0.000,0.000,0.002,0.002,0.002,0.000,0.000,0.000,0.000,0.000,0.000,7.370,9.788,8.311,0.000,0.000,0.000,0.000,0.000,0.000,0.002,0.003,0.002,0.000,0.000,0.000,0.000,0.000,0.000,4.771,5.237,5.081,0.000,0.000,0.000,0.000,0.000,0.000
88,10, 11,0.033,0.190,0.091,0.000,0.000,0.000,1.380,2.229,1.702,0.000,0.000,0.000,0.002,0.002,0.002,0.000,0.000,0.000,0.000,0.000,0.000,29.484,40.980,37.419,0.000,0.000,0.000,0.000,0.000,0.000,0.002,0.002,0.002,0.000,0.000,0.000,0.000,0.000,0.000,3.872,4.436,4.177,0.000,0.000,0.000,0.000,0.000,0.000
96,1, 12,0.013,0.055,0.022,0.000,0.000,0.000,0.097,0.720,0.332,0.000,0.000,0.000,0.002,0.002,0.002,0.000,0.000,0.000,0.000,0.000,0.000,8.789,21.609,14.176,0.000,0.000,0.000,0.000,0.000,0.000,0.002,0.003,0.002,0.000,0.000,0.000,0.000,0.000,0.000,4.109,4.474,4.338,0.000,0.000,0.000,0.000,0.000,0.000
96,2, 12,0.012,0.678,0.155,0.000,0.000,0.000,0.545,0.759,0.649,0.000,0.000,0.000,0.002,0.002,0.002,0.000,0.000,0.000,0.000,0.000,0.000,25.937,62.599,43.399,0.000,0.000,0.000,0.000,0.000,0.000,0.002,0.003,0.002,0.000,0.000,0.000,0.000,0.000,0.000,4.316,4.905,4.615,0.000,0.000,0.000,0.000,0.000,0.000
96,3, 12,0.012,1.164,0.298,0.000,0.000,0.000,0.565,0.779,0.671,0.000,0.000,0.000,0.002,0.002,0.002,0.000,0.000,0.000,0.000,0.000,0.000,9.859,28.767,16.256,0.000,0.000,0.000,0.000,0.000,0.000,0.002,0.003,0.002,0.000,0.000,0.000,0.000,0.000,0.000,4.262,4.641,4.482,0.000,0.000,0.000,0.000,0.000,0.000
96,4, 12,0.012,1.994,0.494,0.000,0.000,0.000,0.182,0.190,0.187,0.000,0.000,0.000,0.002,0.002,0.002,0.000,0.000,0.000,0.000,0.000,0.000,5.296,32.427,16.539,0.000,0.000,0.000,0.000,0.000,0.000,0.002,0.003,0.002,0.000,0.000,0.000,0.000,0.000,0.000,3.462,4.723,4.242,0.000,0.000,0.000,0.000,0.000,0.000
96,5, 12,0.012,1.627,0.312,0.000,0.000,0.000,0.198,0.203,0.200,0.000,0.000,0.000,0.002,0.002,0.002,0.000,0.000,0.000,0.000,0.000,0.000,11.468,28.855,16.692,0.000,0.000,0.000,0.000,0.000,0.000,0.002,0.003,0.002,0.000,0.000,0.000,0.000,0.000,0.000,3.915,4.671,4.283,0.000,0.000,0.000,0.000,0.000,0.000
96,6, 12,0.014,1.199,0.166,0.000,0.000,0.000,0.159,0.177,0.170,0.000,0.000,0.000,0.002,0.002,0.002,0.000,0.000,0.000,0.000,0.000,0.000,11.401,16.706,13.935,0.000,0.000,0.000,0.000,0.000,0.000,0.002,0.003,0.002,0.000,0.000,0.000,0.000,0.000,0.000,5.059,5.317,5.239,0.000,0.000,0.000,0.000,0.000,0.000
96,7, 12,0.027,0.533,0.156,0.000,0.000,0.000,1.196,1.684,1.381,0.000,0.000,0.000,0.002,0.002,0.002,0.000,0.000,0.000,0.000,0.000,0.000,15.210,15.710,15.439,0.000,0.000,0.000,0.000,0.000,0.000,0.002,0.002,0.002,0.000,0.000,0.000,0.000,0.000,0.000,50.912,69.290,62.892,0.000,0.000,0.000,0.000,0.000,0.000
96,8, 12,0.020,1.365,0.359,0.000,0.000,0.000,0.152,0.373,0.260,0.000,0.000,0.000,0.002,0.002,0.002,0.000,0.000,0.000,0.000,0.000,0.000,12.297,31.246,18.606,0.000,0.000,0.000,0.000,0.000,0.000,0.002,0.003,0.002,0.000,0.000,0.000,0.000,0.000,0.000,4.104,4.494,4.310,0.000,0.000,0.000,0.000,0.000,0.000
96,9, 12,0.014,0.644,0.134,0.000,0.000,0.000,0.168,0.181,0.177,0.000,0.000,0.000,0.002,0.002,0.002,0.000,0.000,0.000,0.000,0.000,0.000,8.946,26.001,15.051,0.000,0.000,0.000,0.000,0.000,0.000,0.002,0.003,0.002,0.000,0.000,0.000,0.000,0.000,0.000,3.810,4.404,4.200,0.000,0.000,0.000,0.000,0.000,0.000
96,10, 12,0.012,0.233,0.043,0.000,0.000,0.000,0.176,0.388,0.334,0.000,0.000,0.000,0.002,0.002,0.002,0.000,0.000,0.000,0.000,0.000,0.000,7.237,20.601,11.382,0.000,0.000,0.000,0.000,0.000,0.000,0.002,0.003,0.002,0.000,0.000,0.000,0.000,0.000,0.000,3.961,4.696,4.342,0.000,0.000,0.000,0.000,0.000,0.000
104,1, 13,0.014,0.889,0.227,0.000,0.000,0.000,0.168,0.363,0.241,0.000,0.000,0.000,0.002,0.002,0.002,0.000,0.000,0.000,0.000,0.000,0.000,18.597,22.049,20.623,0.000,0.000,0.000,0.000,0.000,0.000,0.002,0.003,0.002,0.000,0.000,0.000,0.000,0.000,0.000,24.683,25.401,25.176,0.000,0.000,0.000,0.000,0.000,0.000
104,2, 13,0.015,0.318,0.104,0.000,0.000,0.000,1.160,1.410,1.268,0.000,0.000,0.000,0.002,0.002,0.002,0.000,0.000,0.000,0.000,0.000,0.000,44.447,81.800,61.776,0.000,0.000,0.000,0.000,0.000,0.000,0.002,0.003,0.002,0.000,0.000,0.000,0.000,0.000,0.000,4.461,6.310,5.524,0.000,0.000,0.000,0.000,0.000,0.000
104,3, 13,0.013,0.031,0.017,0.000,0.000,0.000,0.150,0.181,0.165,0.000,0.000,0.000,0.002,0.002,0.002,0.000,0.000,0.000,0.000,0.000,0.000,8.499,27.185,19.017,0.000,0.000,0.000,0.000,0.000,0.000,0.002,0.003,0.002,0.000,0.000,0.000,0.000,0.000,0.000,4.493,5.215,4.956,0.000,0.000,0.000,0.000,0.000,0.000
104,4, 13,0.013,1.255,0.174,0.000,0.000,0.000,0.122,0.141,0.135,0.000,0.000,0.000,0.002,0.002,0.002,0.000,0.000,0.000,0.000,0.000,0.000,7.296,29.368,16.193,0.000,0.000,0.000,0.000,0.000,0.000,0.002,0.003,0.002,0.000,0.000,0.000,0.000,0.000,0.000,4.618,5.356,4.965,0.000,0.000,0.000,0.000,0.000,0.000
104,5, 13,0.015,1.424,0.194,0.000,0.000,0.000,0.182,0.202,0.198,0.000,0.000,0.000,0.002,0.002,0.002,0.000,0.000,0.000,0.000,0.000,0.000,7.585,13.376,9.458,0.000,0.000,0.000,0.000,0.000,0.000,0.002,0.003,0.002,0.000,0.000,0.000,0.000,0.000,0.000,4.551,5.000,4.864,0.000,0.000,0.000,0.000,0.000,0.000
104,6, 13,0.016,0.055,0.030,0.000,0.000,0.000,0.577,0.987,0.755,0.000,0.000,0.000,0.002,0.002,0.002,0.000,0.000,0.000,0.000,0.000,0.000,7.475,18.895,13.052,0.000,0.000,0.000,0.000,0.000,0.000,0.002,0.003,0.002,0.000,0.000,0.000,0.000,0.000,0.000,5.842,6.990,6.381,0.000,0.000,0.000,0.000,0.000,0.000
104,7, 13,0.012,4.155,0.537,0.000,0.000,0.000,0.338,0.558,0.420,0.000,0.000,0.000,0.002,0.003,0.002,0.000,0.000,0.000,0.000,0.000,0.000,8.872,47.275,27.582,0.000,0.000,0.000,0.000,0.000,0.000,0.002,0.003,0.002,0.000,0.000,0.000,0.000,0.000,0.000,3.355,4.690,4.455,0.000,0.000,0.000,0.000,0.000,0.000
104,8, 13,0.024,0.067,0.040,0.000,0.000,0.000,0.328,0.775,0.496,0.000,0.000,0.000,0.002,0.002,0.002,0.000,0.000,0.000,0.000,0.000,0.000,9.110,10.902,10.063,0.000,0.000,0.000,0.000,0.000,0.000,0.002,0.002,0.002,0.000,0.000,0.000,0.000,0.000,0.000,14.913,18.971,17.589,0.000,0.000,0.000,0.000,0.000,0.000
104,9, 13,0.014,0.332,0.058,0.000,0.000,0.000,0.592,0.602,0.597,0.000,0.000,0.000,0.002,0.002,0.002,0.000,0.000,0.000,0.000,0.000,0.000,22.607,45.541,37.462,0.000,0.000,0.000,0.000,0.000,0.000,0.002,0.002,0.002,0.000,0.000,0.000,0.000,0.000,0.000,4.818,5.437,5.103,0.000,0.000,0.000,0.000,0.000,0.000
104,10, 13,0.014,1.577,0.301,0.000,0.000,0.000,0.147,0.161,0.154,0.000,0.000,0.000,0.002,0.003,0.002,0.000,0.000,0.000,0.000,0.000,0.000,6.726,31.229,16.286,0.000,0.000,0.000,0.000,0.000,0.000,0.002,0.003,0.002,0.000,0.000,0.000,0.000,0.000,0.000,4.018,4.635,4.312,0.000,0.000,0.000,0.000,0.000,0.000
112,1, 14,0.014,0.917,0.186,0.000,0.000,0.000,0.106,0.698,0.330,0.000,0.000,0.000,0.002,0.003,0.002,0.000,0.000,0.000,0.000,0.000,0.000,7.075,15.651,10.941,0.000,0.000,0.000,0.000,0.000,0.000,0.002,0.003,0.002,0.000,0.000,0.000,0.000,0.000,0.000,3.764,4.454,4.134,0.000,0.000,0.000,0.000,0.000,0.000
112,2, 14,0.013,0.313,0.058,0.000,0.000,0.000,0.141,0.156,0.149,0.000,0.000,0.000,0.002,0.003,0.002,0.000,0.000,0.000,0.000,0.000,0.000,9.268,24.292,13.715,0.000,0.000,0.000,0.000,0.000,0.000,0.002,0.003,0.003,0.000,0.000,0.000,0.000,0.000,0.000,4.024,4.588,4.348,0.000,0.000,0.000,0.000,0.000,0.000
112,3, 14,0.013,0.020,0.016,0.000,0.000,0.000,0.174,0.185,0.180,0.000,0.000,0.000,0.002,0.002,0.002,0.000,0.000,0.000,0.000,0.000,0.000,7.941,23.500,13.419,0.000,0.000,0.000,0.000,0.000,0.000,0.002,0.003,0.002,0.000,0.000,0.000,0.000,0.000,0.000,4.315,5.972,5.458,0.000,0.000,0.000,0.000,0.000,0.000
112,4, 14,0.014,0.772,0.200,0.000,0.000,0.000,0.168,0.177,0.174,0.000,0.000,0.000,0.002,0.003,0.002,0.000,0.000,0.000,0.000,0.000,0.000,5.753,12.034,9.166,0.000,0.000,0.000,0.000,0.000,0.000,0.002,0.003,0.003,0.000,0.000,0.000,0.000,0.000,0.000,4.028,5.087,4.692,0.000,0.000,0.000,0.000,0.000,0.000
112,5, 14,0.034,0.510,0.121,0.000,0.000,0.000,0.985,1.671,1.324,0.000,0.000,0.000,0.002,0.003,0.002,0.000,0.000,0.000,0.000,0.000,0.000,16.753,20.402,19.385,0.000,0.000,0.000,0.000,0.000,0.000,0.002,0.003,0.002,0.000,0.000,0.000,0.000,0.000,0.000,25.414,68.157,59.519,0.000,0.000,0.000,0.000,0.000,0.000
112,6, 14,0.019,0.553,0.189,0.000,0.000,0.000,0.162,0.185,0.177,0.000,0.000,0.000,0.002,0.003,0.002,0.000,0.000,0.000,0.000,0.000,0.000,17.406,19.295,18.299,0.000,0.000,0.000,0.000,0.000,0.000,0.002,0.003,0.002,0.000,0.000,0.000,0.000,0.000,0.000,68.637,80.567,74.746,0.000,0.000,0.000,0.000,0.000,0.000
112,7, 14,0.014,0.044,0.027,0.000,0.000,0.000,0.318,0.928,0.567,0.000,0.000,0.000,0.002,0.003,0.002,0.000,0.000,0.000,0.000,0.000,0.000,28.141,31.597,30.003,0.000,0.000,0.000,0.000,0.000,0.000,0.002,0.003,0.002,0.000,0.000,0.000,0.000,0.000,0.000,33.678,38.840,36.836,0.000,0.000,0.000,0.000,0.000,0.000
112,8, 14,0.013,0.101,0.033,0.000,0.000,0.000,0.116,0.488,0.258,0.000,0.000,0.000,0.002,0.003,0.002,0.000,0.000,0.000,0.000,0.000,0.000,60.431,62.326,61.571,0.000,0.000,0.000,0.000,0.000,0.000,0.002,0.003,0.002,0.000,0.000,0.000,0.000,0.000,0.000,26.882,29.702,28.944,0.000,0.000,0.000,0.000,0.000,0.000
112,9, 14,0.013,1.073,0.150,0.000,0.000,0.000,0.179,0.192,0.187,0.000,0.000,0.000,0.002,0.002,0.002,0.000,0.000,0.000,0.000,0.000,0.000,9.455,20.678,12.345,0.000,0.000,0.000,0.000,0.000,0.000,0.002,0.003,0.002,0.000,0.000,0.000,0.000,0.000,0.000,3.982,4.740,4.491,0.000,0.000,0.000,0.000,0.000,0.000
112,10, 14,0.013,1.018,0.195,0.000,0.000,0.000,0.189,0.435,0.386,0.000,0.000,0.000,0.002,0.002,0.002,0.000,0.000,0.000,0.000,0.000,0.000,21.399,23.530,22.473,0.000,0.000,0.000,0.000,0.000,0.000,0.002,0.003,0.002,0.000,0.000,0.000,0.000,0.000,0.000,4.823,4.899,4.871,0.000,0.000,0.000,0.000,0.000,0.000
120,1, 15,0.011,0.580,0.184,0.000,0.000,0.000,0.572,0.765,0.645,0.000,0.000,0.000,0.002,0.003,0.002,0.000,0.000,0.000,0.000,0.000,0.000,10.328,15.573,13.504,0.000,0.000,0.000,0.000,0.000,0.000,0.002,0.003,0.002,0.000,0.000,0.000,0.000,0.000,0.000,6.767,11.580,9.425,0.000,0.000,0.000,0.000,0.000,0.000
120,2, 15,0.016,0.040,0.025,0.000,0.000,0.000,0.791,0.797,0.795,0.000,0.000,0.000,0.002,0.003,0.002,0.000,0.000,0.000,0.000,0.000,0.000,12.200,50.480,36.608,0.000,0.000,0.000,0.000,0.000,0.000,0.002,0.003,0.002,0.000,0.000,0.000,0.000,0.000,0.000,6.647,8.390,7.468,0.000,0.000,0.000,0.000,0.000,0.000
120,3, 15,0.013,1.623,0.451,0.000,0.000,0.000,0.114,0.129,0.124,0.000,0.000,0.000,0.002,0.003,0.002,0.000,0.000,0.000,0.000,0.000,0.000,11.502,36.764,18.210,0.000,0.000,0.000,0.000,0.000,0.000,0.002,0.003,0.003,0.000,0.000,0.000,0.000,0.000,0.000,4.327,8.128,6.911,0.000,0.000,0.000,0.000,0.000,0.000
120,4, 15,0.014,0.703,0.182,0.000,0.000,0.000,0.583,0.595,0.591,0.000,0.000,0.000,0.002,0.003,0.002,0.000,0.000,0.000,0.000,0.000,0.000,10.661,15.582,12.520,0.000,0.000,0.000,0.000,0.000,0.000,0.002,0.003,0.003,0.000,0.000,0.000,0.000,0.000,0.000,3.301,8.070,6.058,0.000,0.000,0.000,0.000,0.000,0.000
120,5, 15,0.013,0.943,0.135,0.000,0.000,0.000,0.164,0.194,0.186,0.000,0.000,0.000,0.002,0.003,0.002,0.000,0.000,0.000,0.000,0.000,0.000,7.268,24.692,13.485,0.000,0.000,0.000,0.000,0.000,0.000,0.002,0.003,0.003,0.000,0.000,0.000,0.000,0.000,0.000,3.172,7.202,5.184,0.000,0.000,0.000,0.000,0.000,0.000
120,6, 15,0.013,0.710,0.155,0.000,0.000,0.000,0.178,0.196,0.191,0.000,0.000,0.000,0.002,0.003,0.002,0.000,0.000,0.000,0.000,0.000,0.000,7.384,15.425,10.622,0.000,0.000,0.000,0.000,0.000,0.000,0.002,0.003,0.002,0.000,0.000,0.000,0.000,0.000,0.000,4.104,5.485,4.815,0.000,0.000,0.000,0.000,0.000,0.000
120,7, 15,0.032,0.258,0.092,0.000,0.000,0.000,2.685,4.614,3.967,0.000,0.000,0.000,0.002,0.003,0.003,0.000,0.000,0.000,0.000,0.000,0.000,30.359,36.226,33.615,0.000,0.000,0.000,0.000,0.000,0.000,0.002,0.003,0.002,0.000,0.000,0.000,0.000,0.000,0.000,4.531,5.851,5.035,0.000,0.000,0.000,0.000,0.000,0.000
120,8, 15,0.014,2.784,0.382,0.000,0.000,0.000,3.094,4.267,3.560,0.000,0.000,0.000,0.002,0.003,0.002,0.000,0.000,0.000,0.000,0.000,0.000,46.334,58.451,52.118,0.000,0.000,0.000,0.000,0.000,0.000,0.002,0.003,0.002,0.000,0.000,0.000,0.000,0.000,0.000,3.065,6.609,4.146,0.000,0.000,0.000,0.000,0.000,0.000
120,9, 15,0.011,0.661,0.189,0.000,0.000,0.000,0.124,0.147,0.137,0.000,0.000,0.000,0.002,0.003,0.002,0.000,0.000,0.000,0.000,0.000,0.000,9.365,19.843,12.340,0.000,0.000,0.000,0.000,0.000,0.000,0.002,0.003,0.003,0.000,0.000,0.000,0.000,0.000,0.000,3.854,6.012,5.258,0.000,0.000,0.000,0.000,0.000,0.000
120,10, 15,0.016,0.485,0.077,0.000,0.000,0.000,0.089,0.386,0.202,0.000,0.000,0.000,0.002,0.003,0.002,0.000,0.000,0.000,0.000,0.000,0.000,5.745,14.501,9.955,0.000,0.000,0.000,0.000,0.000,0.000,0.002,0.003,0.003,0.000,0.000,0.000,0.000,0.000,0.000,21.222,25.683,24.129,0.000,0.000,0.000,0.000,0.000,0.000
128,1, 16,0.049,0.270,0.114,0.000,0.000,0.000,1.394,1.874,1.657,0.000,0.000,0.000,0.002,0.003,0.003,0.000,0.000,0.000,0.000,0.000,0.000,23.698,28.750,25.840,0.000,0.000,0.000,0.000,0.000,0.000,0.002,0.003,0.002,0.000,0.000,0.000,0.000,0.000,0.000,32.943,49.747,45.535,0.000,0.000,0.000,0.000,0.000,0.000
128,2, 16,0.013,0.188,0.039,0.000,0.000,0.000,0.121,0.744,0.399,0.000,0.000,0.000,0.002,0.004,0.003,0.000,0.000,0.000,0.000,0.000,0.000,7.326,21.904,14.402,0.000,0.000,0.000,0.000,0.000,0.000,0.002,0.003,0.003,0.000,0.000,0.000,0.000,0.000,0.000,3.714,5.658,4.417,0.000,0.000,0.000,0.000,0.000,0.000
128,3, 16,0.014,0.326,0.082,0.000,0.000,0.000,0.194,0.206,0.203,0.000,0.000,0.000,0.002,0.003,0.003,0.000,0.000,0.000,0.000,0.000,0.000,7.543,26.264,15.085,0.000,0.000,0.000,0.000,0.000,0.000,0.002,0.003,0.003,0.000,0.000,0.000,0.000,0.000,0.000,19.162,21.786,20.645,0.000,0.000,0.000,0.000,0.000,0.000
128,4, 16,0.014,0.042,0.023,0.000,0.000,0.000,0.322,1.378,0.848,0.000,0.000,0.000,0.002,0.003,0.003,0.000,0.000,0.000,0.000,0.000,0.000,15.448,25.795,22.537,0.000,0.000,0.000,0.000,0.000,0.000,0.002,0.003,0.002,0.000,0.000,0.000,0.000,0.000,0.000,33.788,36.117,35.371,0.000,0.000,0.000,0.000,0.000,0.000
128,5, 16,0.021,38.170,7.515,0.000,0.000,0.000,0.112,0.338,0.223,0.000,0.000,0.000,0.002,0.003,0.003,0.000,0.000,0.000,0.000,0.000,0.000,13.227,30.485,19.254,0.000,0.000,0.000,0.000,0.000,0.000,0.002,0.003,0.003,0.000,0.000,0.000,0.000,0.000,0.000,3.780,5.918,4.869,0.000,0.000,0.000,0.000,0.000,0.000
128,6, 16,0.015,0.451,0.072,0.000,0.000,0.000,0.175,0.183,0.180,0.000,0.000,0.000,0.002,0.003,0.003,0.000,0.000,0.000,0.000,0.000,0.000,9.721,19.042,13.348,0.000,0.000,0.000,0.000,0.000,0.000,0.002,0.003,0.003,0.000,0.000,0.000,0.000,0.000,0.000,2.903,4.810,4.024,0.000,0.000,0.000,0.000,0.000,0.000
128,7, 16,0.014,0.206,0.042,0.000,0.000,0.000,0.203,0.210,0.207,0.000,0.000,0.000,0.002,0.003,0.003,0.000,0.000,0.000,0.000,0.000,0.000,7.474,15.432,10.610,0.000,0.000,0.000,0.000,0.000,0.000,0.002,0.003,0.003,0.000,0.000,0.000,0.000,0.000,0.000,4.563,7.845,5.703,0.000,0.000,0.000,0.000,0.000,0.000
128,8, 16,0.016,0.861,0.172,0.000,0.000,0.000,0.165,0.174,0.170,0.000,0.000,0.000,0.002,0.003,0.003,0.000,0.000,0.000,0.000,0.000,0.000,6.337,15.097,9.177,0.000,0.000,0.000,0.000,0.000,0.000,0.002,0.003,0.003,0.000,0.000,0.000,0.000,0.000,0.000,3.888,5.201,4.434,0.000,0.000,0.000,0.000,0.000,0.000
128,9, 16,0.014,0.155,0.034,0.000,0.000,0.000,0.181,0.196,0.186,0.000,0.000,0.000,0.002,0.003,0.003,0.000,0.000,0.000,0.000,0.000,0.000,5.641,10.361,7.401,0.000,0.000,0.000,0.000,0.000,0.000,0.002,0.003,0.003,0.000,0.000,0.000,0.000,0.000,0.000,4.050,5.282,4.668,0.000,0.000,0.000,0.000,0.000,0.000
128,10, 16,0.020,0.103,0.052,0.000,0.000,0.000,1.266,1.696,1.404,0.000,0.000,0.000,0.002,0.004,0.003,0.000,0.000,0.000,0.000,0.000,0.000,22.650,23.222,22.982,0.000,0.000,0.000,0.000,0.000,0.000,0.002,0.003,0.002,0.000,0.000,0.000,0.000,0.000,0.000,47.114,67.022,58.704,0.000,0.000,0.000,0.000,0.000,0.000
